,model,color,year,kmAge,engine_l,engine_mph,engine_type,transmission,price,link,city
0,седан,чёрный,2005,170000,1.8,165,Бензин,автомат,430000,https://auto.ru/cars/used/sale/mitsubishi/lancer/1106657033-29e1d5f2/,Москва
1,седан,серебристый,2005,244000,2.0,135,Бензин,автомат,430000,https://auto.ru/cars/used/sale/mitsubishi/lancer/1106409299-0ff63a08/,Москва
2,седан,красный,2003,200000,2.0,135,Бензин,механика,260000,https://auto.ru/cars/used/sale/mitsubishi/lancer/1106229732-134e1aea/,Москва
3,седан,зелёный,2006,129000,1.5,91,Бензин,механика,370000,https://auto.ru/cars/used/sale/mitsubishi/lancer/1106494849-714b06c9/,Москва
4,седан,красный,2004,230000,2.0,135,Бензин,вариатор,300000,https://auto.ru/cars/used/sale/mitsubishi/lancer/1106657121-cc140c02/,Ливны
5,седан,серебристый,2005,185000,1.8,130,Бензин,вариатор,420000,https://auto.ru/cars/used/sale/mitsubishi/lancer/1114648853-b087a4e4/,Москва
6,седан,серебристый,2005,153000,2.0,135,Бензин,механика,410000,https://auto.ru/cars/used/sale/mitsubishi/lancer/1114675744-e39343d9/,Москва
7,седан,серебристый,2005,126000,1.5,100,Бензин,вариатор,330000,https://auto.ru/cars/used/sale/mitsubishi/lancer/1106300288-e1633a40/,Москва
8,седан,чёрный,2007,207000,1.5,100,Бензин,вариатор,370000,https://auto.ru/cars/used/sale/mitsubishi/lancer/1106463639-03ddfa1b/,Москва
9,седан,серый,2006,110000,1.5,90,Бензин,вариатор,490000,https://auto.ru/cars/used/sale/mitsubishi/lancer/1114663612-3c6a53ff/,0
10,седан,чёрный,2007,132000,2.0,120,Бензин,механика,490000,https://auto.ru/cars/used/sale/mitsubishi/lancer/1114665449-e6337690/,Москва
11,седан,серебристый,2004,173000,1.5,91,Бензин,вариатор,240000,https://auto.ru/cars/used/sale/mitsubishi/lancer/1114676356-c6270004/,Ульяновск
12,седан,красный,2005,231000,2.4,162,Бензин,механика,400000,https://auto.ru/cars/used/sale/mitsubishi/lancer/1106686145-1666866d/,Евпатория
13,седан,синий,2006,165000,1.3,75,Бензин,механика,400000,https://auto.ru/cars/used/sale/mitsubishi/lancer/1114674304-cf278bec/,Москва
14,седан,зелёный,2006,239000,2.0,135,Бензин,механика,330000,https://auto.ru/cars/used/sale/mitsubishi/lancer/1114676157-25e07e03/,Петрозаводск
15,седан,жёлтый,2002,128000,1.5,91,Бензин,вариатор,180000,https://auto.ru/cars/used/sale/mitsubishi/lancer/1114675032-a3908240/,Москва
16,седан,чёрный,2005,187000,1.5,100,Бензин,механика,360000,https://auto.ru/cars/used/sale/mitsubishi/lancer/1114672039-7f9f1427/,Санкт-Петербург
17,универсал 5 дв.,серебристый,2004,189000,1.8,114,Бензин,вариатор,360000,https://auto.ru/cars/used/sale/mitsubishi/lancer/1114678242-7e551f6a/,Магнитогорск
18,седан,серый,2005,111000,1.5,90,Бензин,вариатор,530000,https://auto.ru/cars/used/sale/mitsubishi/lancer/1106692949-8c0a823e/,Москва
19,седан,серый,2007,149000,1.6,98,Бензин,вариатор,530000,https://auto.ru/cars/used/sale/mitsubishi/lancer/1106653128-08c09766/,Москва
20,седан,красный,2004,190000,1.5,90,Бензин,вариатор,410000,https://auto.ru/cars/used/sale/mitsubishi/lancer/1114660434-2985a97b/,Санкт-Петербург
21,универсал 5 дв.,серый,2002,310000,1.6,98,Бензин,автомат,260000,https://auto.ru/cars/used/sale/mitsubishi/lancer/1114677017-0db4ee68/,Уфа
22,седан,серый,2007,141000,2.0,135,Бензин,вариатор,500000,https://auto.ru/cars/used/sale/mitsubishi/lancer/1114625880-3ccd64da/,Москва
23,седан,серебристый,2003,219000,1.5,91,Бензин,механика,240000,https://auto.ru/cars/used/sale/mitsubishi/lancer/1114622358-91c2bf02/,Москва
24,седан,серый,2002,215000,1.6,98,Бензин,механика,350000,https://auto.ru/cars/used/sale/mitsubishi/lancer/1106690543-f7f73012/,Орехово-Зуево
25,седан,чёрный,2005,111000,1.5,90,Бензин,вариатор,410000,https://auto.ru/cars/used/sale/mitsubishi/lancer/1114574974-fdceccf6/,Москва
26,седан,зелёный,2005,143000,1.5,90,Бензин,вариатор,300000,https://auto.ru/cars/used/sale/mitsubishi/lancer/1114660647-dadbe6f0/,Екатеринбург
27,седан,серый,2004,159000,1.5,100,Бензин,вариатор,340000,https://auto.ru/cars/used/sale/mitsubishi/lancer/1106692060-e45e9299/,Химки
28,седан,красный,2005,198000,1.5,90,Бензин,вариатор,340000,https://auto.ru/cars/used/sale/mitsubishi/lancer/1106583141-db1a905e/,Симферополь
29,седан,белый,2005,215000,1.5,100,Бензин,механика,400000,https://auto.ru/cars/used/sale/mitsubishi/lancer/1114615040-dccf6977/,Челябинск
30,седан,синий,2005,233000,2.0,135,Бензин,вариатор,390000,https://auto.ru/cars/used/sale/mitsubishi/lancer/1106502082-f6069f12/,Москва
31,седан,красный,2006,179000,2.0,135,Бензин,вариатор,320000,https://auto.ru/cars/used/sale/mitsubishi/lancer/1114669901-682c7352/,Батайск
32,седан,красный,2005,211000,1.5,90,Бензин,вариатор,320000,https://auto.ru/cars/used/sale/mitsubishi/lancer/1106649370-3e39eb4f/,Верзилово
33,седан,синий,2004,222000,1.3,82,Бензин,механика,390000,https://auto.ru/cars/used/sale/mitsubishi/lancer/1106708548-49fab2c7/,Киров
34,седан,красный,2005,162000,1.5,100,Бензин,вариатор,380000,https://auto.ru/cars/used/sale/mitsubishi/lancer/1106348684-e0e8f058/,Новосибирск
35,седан,серый,2005,191000,2.0,135,Бензин,автомат,390000,https://auto.ru/cars/used/sale/mitsubishi/lancer/1114672849-af492bfa/,Раменское
36,седан,серебристый,2004,168000,1.5,90,Бензин,вариатор,290000,https://auto.ru/cars/used/sale/mitsubishi/lancer/1106351294-ace6e920/,Санкт-Петербург
37,седан,чёрный,2006,267000,1.6,98,Бензин,автомат,330000,https://auto.ru/cars/used/sale/mitsubishi/lancer/1106683734-55df4e61/,Калуга
38,седан,серебристый,2007,206000,1.6,98,Бензин,механика,360000,https://auto.ru/cars/used/sale/mitsubishi/lancer/1114609680-efb9db55/,Петрозаводск
39,седан,серебристый,2005,214000,1.8,114,Бензин,вариатор,240000,https://auto.ru/cars/used/sale/mitsubishi/lancer/1105748399-5dc417a0/,Москва
40,седан,серебристый,2001,164000,2.4,162,Бензин,автомат,230000,https://auto.ru/cars/used/sale/mitsubishi/lancer/1114664180-9d7a31c1/,Динская
41,седан,синий,2005,219000,1.5,90,Бензин,механика,340000,https://auto.ru/cars/used/sale/mitsubishi/lancer/1106684414-f87efd70/,Выборг
42,седан,серый,2006,171000,2.4,162,Бензин,механика,350000,https://auto.ru/cars/used/sale/mitsubishi/lancer/1106645832-8109f744/,Москва
43,седан,красный,2005,299000,1.8,114,Бензин,вариатор,350000,https://auto.ru/cars/used/sale/mitsubishi/lancer/1105721736-499d5269/,Москва
44,седан,серебристый,2005,361000,1.3,82,Бензин,автомат,270000,https://auto.ru/cars/used/sale/mitsubishi/lancer/1114671222-5e6f3755/,Дмитров
45,седан,чёрный,2005,240000,2.0,120,Бензин,автомат,350000,https://auto.ru/cars/used/sale/mitsubishi/lancer/1106673611-17b1c110/,Волгоград
46,седан,серебристый,2005,375000,1.6,98,Бензин,вариатор,310000,https://auto.ru/cars/used/sale/mitsubishi/lancer/1114650939-80ce7d94/,Москва
47,седан,серебристый,2004,360000,1.5,91,Бензин,механика,400000,https://auto.ru/cars/used/sale/mitsubishi/lancer/1114602100-e6d3515e/,Тверь
48,универсал 5 дв.,серебристый,2003,232000,1.6,98,Бензин,автомат,170000,https://auto.ru/cars/used/sale/mitsubishi/lancer/1114601200-8fe4cda1/,Саранск
49,седан,серый,2005,343000,1.5,90,Бензин,вариатор,290000,https://auto.ru/cars/used/sale/mitsubishi/lancer/1106268005-fd3b6e72/,Санкт-Петербург
50,седан,серый,2003,238000,2.0,135,Бензин,механика,360000,https://auto.ru/cars/used/sale/mitsubishi/lancer/1114669289-2bee26db/,Брянск
51,седан,белый,2000,195000,2.0,135,Бензин,вариатор,300000,https://auto.ru/cars/used/sale/mitsubishi/lancer/1106652938-d921119a/,Екатеринбург
52,седан,серебристый,2003,250000,1.5,90,Бензин,механика,230000,https://auto.ru/cars/used/sale/mitsubishi/lancer/1114666993-65ccd36a/,Краснодар
53,седан,красный,2004,223000,1.5,91,Бензин,механика,330000,https://auto.ru/cars/used/sale/mitsubishi/lancer/1106571276-bbca2a99/,Краснодар
54,седан,красный,2005,517000,1.8,130,Бензин,вариатор,290000,https://auto.ru/cars/used/sale/mitsubishi/lancer/1114653186-21e49f64/,Подольск
55,седан,серебристый,2004,165000,2.0,135,Бензин,автомат,340000,https://auto.ru/cars/used/sale/mitsubishi/lancer/1106615756-358ee2e1/,Самара
56,седан,серебристый,2007,161000,1.3,82,Бензин,автомат,390000,https://auto.ru/cars/used/sale/mitsubishi/lancer/1114667480-8d362fe7/,Новороссийск
57,седан,голубой,2006,116000,2.0,135,Бензин,автомат,480000,https://auto.ru/cars/used/sale/mitsubishi/lancer/1114671886-01011c95/,Лянтор
58,седан,серебристый,2007,120000,1.5,100,Бензин,вариатор,510000,https://auto.ru/cars/used/sale/mitsubishi/lancer/1106598992-952bc0e4/,Иваново
59,седан,чёрный,2006,172000,1.3,82,Бензин,механика,390000,https://auto.ru/cars/used/sale/mitsubishi/lancer/1114668480-787facf6/,Белые Столбы
60,седан,синий,2004,144000,2.0,135,Бензин,механика,400000,https://auto.ru/cars/used/sale/mitsubishi/lancer/1114656489-cf4bd781/,Санкт-Петербург
61,седан,синий,2004,147000,1.3,82,Бензин,автомат,380000,https://auto.ru/cars/used/sale/mitsubishi/lancer/1114658488-12ae3cdd/,Выборг
62,седан,фиолетовый,2005,135000,2.0,120,Бензин,автомат,420000,https://auto.ru/cars/used/sale/mitsubishi/lancer/1102039892-cfae2132/,Мытищи
63,седан,красный,2005,269000,2.0,135,Бензин,механика,310000,https://auto.ru/cars/used/sale/mitsubishi/lancer/1106567619-672cdaa0/,Иваново
64,седан,серый,2005,207000,1.5,90,Бензин,вариатор,390000,https://auto.ru/cars/used/sale/mitsubishi/lancer/1114656707-1919d54d/,Чехов
65,седан,синий,2005,159000,1.5,91,Бензин,механика,320000,https://auto.ru/cars/used/sale/mitsubishi/lancer/1106259641-e98cc525/,Москва
66,универсал 5 дв.,красный,2004,257000,1.8,165,Бензин,автомат,300000,https://auto.ru/cars/used/sale/mitsubishi/lancer/1105926624-13a1a699/,Санкт-Петербург
67,седан,серебристый,2005,208000,2.0,135,Бензин,автомат,190000,https://auto.ru/cars/used/sale/mitsubishi/lancer/1106673117-0b79ada1/,Санкт-Петербург
68,седан,синий,2005,191000,1.6,98,Бензин,вариатор,560000,https://auto.ru/cars/used/sale/mitsubishi/lancer/1106561509-74877dcb/,Тверь
69,седан,серебристый,2004,224000,1.5,90,Бензин,вариатор,280000,https://auto.ru/cars/used/sale/mitsubishi/lancer/1106496894-0d1dabbe/,Санкт-Петербург
70,седан,чёрный,2007,159000,1.6,98,Бензин,вариатор,410000,https://auto.ru/cars/used/sale/mitsubishi/lancer/1105915211-bfb4d65f/,Москва
71,седан,серебристый,2004,183000,1.3,82,Бензин,механика,250000,https://auto.ru/cars/used/sale/mitsubishi/lancer/1106627497-fe7d3e05/,Москва
72,седан,серый,2001,284000,1.6,98,Бензин,механика,240000,https://auto.ru/cars/used/sale/mitsubishi/lancer/1106644809-b13c9645/,Набережные Челны
73,седан,серебристый,2003,296000,1.3,75,Бензин,механика,300000,https://auto.ru/cars/used/sale/mitsubishi/lancer/1114649242-d93c8417/,Радужный
74,седан,серый,2004,229000,1.5,90,Бензин,вариатор,290000,https://auto.ru/cars/used/sale/mitsubishi/lancer/1106374471-025fb03a/,Московский
75,универсал 5 дв.,синий,2004,187000,1.6,98,Бензин,механика,370000,https://auto.ru/cars/used/sale/mitsubishi/lancer/1106035209-d6e97b23/,Москва
76,седан,серебристый,2005,154000,1.5,100,Бензин,механика,330000,https://auto.ru/cars/used/sale/mitsubishi/lancer/1105522204-7b067f3f/,Санкт-Петербург
77,седан,серебристый,2006,216000,1.8,114,Бензин,вариатор,320000,https://auto.ru/cars/used/sale/mitsubishi/lancer/1106704504-4abc7dc8/,Мытищи
78,седан,чёрный,2004,261000,2.0,135,Бензин,механика,320000,https://auto.ru/cars/used/sale/mitsubishi/lancer/1114660909-81855517/,Пенза
79,седан,серебристый,2005,319000,2.0,135,Бензин,автомат,280000,https://auto.ru/cars/used/sale/mitsubishi/lancer/1106283907-7a4932d9/,Самара
80,седан,серый,2006,170000,2.0,120,Бензин,механика,370000,https://auto.ru/cars/used/sale/mitsubishi/lancer/1106625844-c5b6f7d7/,Москва
81,седан,красный,2004,103000,1.3,82,Бензин,автомат,400000,https://auto.ru/cars/used/sale/mitsubishi/lancer/1114655349-89a0ec13/,Джанкой
82,седан,белый,2000,173000,2.0,120,Бензин,автомат,340000,https://auto.ru/cars/used/sale/mitsubishi/lancer/1114605798-be707597/,Москва
83,седан,серый,2005,166000,1.5,90,Бензин,вариатор,400000,https://auto.ru/cars/used/sale/mitsubishi/lancer/1106562626-b3d43616/,Санкт-Петербург
84,седан,серый,2005,215000,1.5,100,Бензин,вариатор,340000,https://auto.ru/cars/used/sale/mitsubishi/lancer/1106331192-df103ef6/,Нижний Тагил
85,седан,чёрный,2005,312000,1.8,114,Бензин,вариатор,340000,https://auto.ru/cars/used/sale/mitsubishi/lancer/1106489945-f9806e85/,Москва
86,седан,синий,2005,205000,1.5,90,Бензин,вариатор,290000,https://auto.ru/cars/used/sale/mitsubishi/lancer/1114651268-a698f543/,Домодедово
87,универсал 5 дв.,чёрный,2003,104000,1.8,165,Бензин,автомат,480000,https://auto.ru/cars/used/sale/mitsubishi/lancer/1114647799-60c458ce/,Москва
88,седан,серый,2005,191000,2.0,135,Бензин,автомат,410000,https://auto.ru/cars/used/sale/mitsubishi/lancer/1106480252-4d7843d8/,Челябинск
89,универсал 5 дв.,чёрный,2001,232000,1.8,114,Бензин,вариатор,200000,https://auto.ru/cars/used/sale/mitsubishi/lancer/1106702331-d551a50b/,Санкт-Петербург
90,седан,синий,2005,241000,1.5,100,Бензин,механика,400000,https://auto.ru/cars/used/sale/mitsubishi/lancer/1106371632-3dbff4f1/,Москва
91,седан,серый,2004,208000,1.3,82,Бензин,автомат,330000,https://auto.ru/cars/used/sale/mitsubishi/lancer/1114615240-419813c6/,Нижний Новгород
92,седан,серебристый,2004,286000,1.5,100,Бензин,вариатор,460000,https://auto.ru/cars/used/sale/mitsubishi/lancer/1114575233-4b6e068d/,Москва
93,седан,серебристый,2004,369000,1.5,90,Бензин,вариатор,270000,https://auto.ru/cars/used/sale/mitsubishi/lancer/1106704333-6742b881/,Москва
94,седан,серебристый,2005,227000,2.4,162,Бензин,механика,360000,https://auto.ru/cars/used/sale/mitsubishi/lancer/1106655959-8ec75f4c/,Верхняя Верея
95,седан,серый,2006,186000,1.6,98,Бензин,автомат,330000,https://auto.ru/cars/used/sale/mitsubishi/lancer/1106591643-443c53b9/,Архангельск
96,седан,чёрный,2005,207000,1.5,90,Бензин,вариатор,280000,https://auto.ru/cars/used/sale/mitsubishi/lancer/1106556348-ebed1263/,Москва
97,седан,серебристый,2005,163000,1.5,100,Бензин,вариатор,330000,https://auto.ru/cars/used/sale/mitsubishi/lancer/1106551607-f6b61f2c/,Ростов-на-Дону
98,седан,серебристый,2002,277000,1.8,165,Бензин,автомат,200000,https://auto.ru/cars/used/sale/mitsubishi/lancer/1106535871-a0c5942a/,Пермь
99,седан,серебристый,2002,319000,2.4,162,Бензин,механика,260000,https://auto.ru/cars/used/sale/mitsubishi/lancer/1106528163-a73640e8/,Холмская
100,седан,серый,2002,240000,1.6,98,Бензин,вариатор,160000,https://auto.ru/cars/used/sale/mitsubishi/lancer/1106506087-4629594a/,Неготино
101,седан,синий,2004,207000,1.3,82,Бензин,механика,380000,https://auto.ru/cars/used/sale/mitsubishi/lancer/1106494899-ac0cdbc1/,Калуга
102,седан,серый,2005,167000,2.4,162,Бензин,автомат,420000,https://auto.ru/cars/used/sale/mitsubishi/lancer/1106482139-7f6d7959/,Москва
103,седан,серебристый,2005,157000,1.5,100,Бензин,механика,320000,https://auto.ru/cars/used/sale/mitsubishi/lancer/1106471468-2f6ee994/,Тверь
104,седан,красный,2004,230000,1.5,91,Бензин,механика,280000,https://auto.ru/cars/used/sale/mitsubishi/lancer/1106332500-23595fda/,Москва
105,универсал 5 дв.,серебристый,2001,291000,1.6,98,Бензин,механика,150000,https://auto.ru/cars/used/sale/mitsubishi/lancer/1106139551-77511f12/,Новая Таволжанка
106,седан,серый,2004,183000,1.3,82,Бензин,механика,350000,https://auto.ru/cars/used/sale/mitsubishi/lancer/1106113585-bd0a9c5d/,Долгопрудный
107,седан,серый,2004,91000,1.3,82,Бензин,механика,460000,https://auto.ru/cars/used/sale/mitsubishi/lancer/1105982006-0488c2bf/,Москва
108,седан,бежевый,2007,253000,1.5,90,Бензин,вариатор,400000,https://auto.ru/cars/used/sale/mitsubishi/lancer/1105908124-6fb33fbd/,Вологда
109,универсал 5 дв.,красный,2004,191000,1.6,98,Бензин,механика,480000,https://auto.ru/cars/used/sale/mitsubishi/lancer/1105845668-20139fa4/,Коломна
110,седан,серебристый,2001,279000,1.8,130,Бензин,вариатор,260000,https://auto.ru/cars/used/sale/mitsubishi/lancer/1105772616-e7113825/,Новороссийск
111,универсал 5 дв.,серый,2005,270000,1.8,130,Бензин,вариатор,540000,https://auto.ru/cars/used/sale/mitsubishi/lancer/1105717759-5224b82f/,Клин
112,седан,серебристый,2007,70000,1.3,82,Бензин,автомат,630000,https://auto.ru/cars/used/sale/mitsubishi/lancer/1105700187-1c33380f/,Серов
113,седан,серый,2005,201000,1.6,98,Бензин,вариатор,310000,https://auto.ru/cars/used/sale/mitsubishi/lancer/1105611585-637ee5cc/,Галич
114,седан,чёрный,2005,194000,1.8,130,Бензин,вариатор,290000,https://auto.ru/cars/used/sale/mitsubishi/lancer/1105595747-f58a9e27/,Петрозаводск
115,седан,синий,2006,166000,1.3,75,Бензин,механика,470000,https://auto.ru/cars/used/sale/mitsubishi/lancer/1105433120-e8a4d817/,Погар
116,седан,красный,2005,101000,1.3,75,Бензин,механика,480000,https://auto.ru/cars/used/sale/mitsubishi/lancer/1105301027-41271d56/,Воронеж
117,универсал 5 дв.,чёрный,2005,243000,1.6,98,Бензин,автомат,310000,https://auto.ru/cars/used/sale/mitsubishi/lancer/1105075698-ae766519/,Москва
118,седан,серебристый,2004,240000,1.6,98,Бензин,механика,360000,https://auto.ru/cars/used/sale/mitsubishi/lancer/1104957684-13122be3/,Москва
119,седан,белый,2001,339000,1.3,82,Бензин,механика,250000,https://auto.ru/cars/used/sale/mitsubishi/lancer/1104224066-be7c1eaa/,Краснодар
120,седан,серый,2005,174000,1.5,91,Бензин,вариатор,480000,https://auto.ru/cars/used/sale/mitsubishi/lancer/1099408385-8835a81b/,Отрадная
121,седан,синий,2005,140000,2.4,162,Бензин,механика,310000,https://auto.ru/cars/used/sale/mitsubishi/lancer/1106128846-264958b4/,Казань
122,седан,белый,2000,351000,1.3,82,Бензин,автомат,250000,https://auto.ru/cars/used/sale/mitsubishi/lancer/1114654252-8d2f22a5/,Гурьевск
123,седан,серебристый,2004,159000,1.8,165,Бензин,автомат,460000,https://auto.ru/cars/used/sale/mitsubishi/lancer/1106349947-205309ce/,Сергиев Посад
124,седан,серый,2005,217000,1.5,90,Бензин,механика,290000,https://auto.ru/cars/used/sale/mitsubishi/lancer/1114637819-81cafd4b/,Рыбинск
125,седан,серебристый,2004,255000,2.4,162,Бензин,механика,270000,https://auto.ru/cars/used/sale/mitsubishi/lancer/1114635790-285c48eb/,Подольск
126,седан,серебристый,2003,168000,2.0,120,Бензин,механика,440000,https://auto.ru/cars/used/sale/mitsubishi/lancer/1114615359-f6ce1f05/,Усть-Лабинск
127,седан,пурпурный,2002,233000,2.0,120,Бензин,механика,270000,https://auto.ru/cars/used/sale/mitsubishi/lancer/1114613095-3048e88a/,Москва
128,седан,синий,2004,396000,2.4,162,Бензин,механика,360000,https://auto.ru/cars/used/sale/mitsubishi/lancer/1114612303-9df19d53/,Москва
129,седан,серебристый,2004,245000,1.5,100,Бензин,вариатор,390000,https://auto.ru/cars/used/sale/mitsubishi/lancer/1114602902-1d353f55/,Самара
130,седан,серебристый,2007,185000,1.6,98,Бензин,механика,400000,https://auto.ru/cars/used/sale/mitsubishi/lancer/1114604019-2ac36ff9/,Софрино
131,седан,серебристый,2004,293000,1.6,98,Бензин,автомат,240000,https://auto.ru/cars/used/sale/mitsubishi/lancer/1114599413-3abd4fa0/,Челябинск
132,седан,красный,2003,340000,1.5,100,Бензин,механика,290000,https://auto.ru/cars/used/sale/mitsubishi/lancer/1114599029-f58945c7/,Москва
133,седан,чёрный,2005,374000,1.3,82,Бензин,автомат,310000,https://auto.ru/cars/used/sale/mitsubishi/lancer/1114598826-f7361c77/,Краснодар
134,седан,серый,2003,179000,1.5,91,Бензин,механика,300000,https://auto.ru/cars/used/sale/mitsubishi/lancer/1114597958-9e4060ed/,Екатеринбург
135,универсал 5 дв.,чёрный,2001,180000,1.6,98,Бензин,автомат,340000,https://auto.ru/cars/used/sale/mitsubishi/lancer/1114594377-d78cb242/,Челябинск
136,седан,серебристый,2004,248000,1.5,91,Бензин,вариатор,320000,https://auto.ru/cars/used/sale/mitsubishi/lancer/1114588121-d34a725d/,Орск
137,седан,синий,2005,295000,1.6,98,Бензин,автомат,290000,https://auto.ru/cars/used/sale/mitsubishi/lancer/1114575168-11b06d57/,Раменское
138,седан,серый,2006,256000,1.5,100,Бензин,механика,380000,https://auto.ru/cars/used/sale/mitsubishi/lancer/1106704389-a6febac7/,Орёл
139,седан,синий,2005,288000,1.5,100,Бензин,механика,350000,https://auto.ru/cars/used/sale/mitsubishi/lancer/1106704440-617953b0/,Ростов-на-Дону
140,седан,чёрный,2004,284000,2.4,162,Бензин,механика,240000,https://auto.ru/cars/used/sale/mitsubishi/lancer/1106702751-7d4c42f9/,Санкт-Петербург
141,седан,серый,2005,183000,1.5,90,Бензин,вариатор,420000,https://auto.ru/cars/used/sale/mitsubishi/lancer/1106696738-6a4a3897/,Лосино-Петровский
142,седан,чёрный,2005,211000,1.8,114,Бензин,вариатор,270000,https://auto.ru/cars/used/sale/mitsubishi/lancer/1106666488-46c5b103/,Луга
143,седан,серебристый,2004,146000,1.5,100,Бензин,механика,270000,https://auto.ru/cars/used/sale/mitsubishi/lancer/1106664375-6cb041ca/,Самара
144,седан,серый,2005,179000,2.4,162,Бензин,механика,430000,https://auto.ru/cars/used/sale/mitsubishi/lancer/1106652924-8b761fbe/,Белоярский
145,седан,синий,2005,258000,2.0,135,Бензин,вариатор,290000,https://auto.ru/cars/used/sale/mitsubishi/lancer/1106625896-3f8e7d47/,Москва
146,седан,чёрный,2004,172000,1.3,75,Бензин,механика,240000,https://auto.ru/cars/used/sale/mitsubishi/lancer/1106592996-6eee5c5b/,Москва
147,седан,серебристый,2003,240000,2.4,162,Бензин,автомат,260000,https://auto.ru/cars/used/sale/mitsubishi/lancer/1106574628-7ce883ed/,Суровикино
148,седан,серый,2004,312000,1.5,90,Бензин,вариатор,440000,https://auto.ru/cars/used/sale/mitsubishi/lancer/1106572629-be24eab3/,Москва
149,седан,синий,2005,190000,1.8,130,Бензин,вариатор,330000,https://auto.ru/cars/used/sale/mitsubishi/lancer/1106558724-5c97b6aa/,Чебоксары
150,седан,серебристый,2005,183000,1.3,82,Бензин,механика,380000,https://auto.ru/cars/used/sale/mitsubishi/lancer/1106551371-34bda024/,Мончегорск
151,седан,серебристый,2003,444000,1.8,130,Бензин,вариатор,260000,https://auto.ru/cars/used/sale/mitsubishi/lancer/1106522652-a0a6bab3/,Таганрог
152,седан,золотистый,2001,285000,1.5,90,Бензин,вариатор,330000,https://auto.ru/cars/used/sale/mitsubishi/lancer/1106512917-24f63705/,Краснодар
153,седан,серебристый,2005,186000,2.0,120,Бензин,автомат,380000,https://auto.ru/cars/used/sale/mitsubishi/lancer/1106464355-7c32894d/,Нариманов
154,седан,серебристый,2004,293000,1.6,98,Бензин,автомат,250000,https://auto.ru/cars/used/sale/mitsubishi/lancer/1106376065-b416f1c0/,Москва
155,седан,красный,2005,283000,2.0,135,Бензин,автомат,160000,https://auto.ru/cars/used/sale/mitsubishi/lancer/1106358702-60e0bf06/,Индустриальный
156,седан,чёрный,2004,128000,1.5,91,Бензин,вариатор,440000,https://auto.ru/cars/used/sale/mitsubishi/lancer/1106340985-5271364b/,Екатеринбург
157,седан,серебристый,2003,247000,2.0,120,Бензин,механика,310000,https://auto.ru/cars/used/sale/mitsubishi/lancer/1106337612-a067df36/,Лянтор
158,седан,серебристый,2005,351000,1.6,98,Бензин,механика,320000,https://auto.ru/cars/used/sale/mitsubishi/lancer/1106328150-094aa884/,Ржев
159,седан,синий,2006,205000,1.6,98,Бензин,вариатор,410000,https://auto.ru/cars/used/sale/mitsubishi/lancer/1106291289-dd4deeb1/,Санкт-Петербург
160,седан,серебристый,2004,281000,1.3,82,Бензин,автомат,360000,https://auto.ru/cars/used/sale/mitsubishi/lancer/1106276443-36fb31a4/,Ярославль
161,седан,серебристый,2005,100000,2.0,120,Бензин,автомат,250000,https://auto.ru/cars/used/sale/mitsubishi/lancer/1106254447-32b8542e/,Валдай
162,седан,чёрный,2004,273000,1.6,98,Бензин,вариатор,280000,https://auto.ru/cars/used/sale/mitsubishi/lancer/1106192935-f9b8d229/,Троицк
163,седан,красный,2005,309000,1.8,114,Бензин,вариатор,710000,https://auto.ru/cars/used/sale/mitsubishi/lancer/1106188587-10cb4d53/,Краснодар
164,седан,чёрный,2005,333000,1.5,90,Бензин,вариатор,300000,https://auto.ru/cars/used/sale/mitsubishi/lancer/1106187591-c07cc7a1/,Москва
165,седан,красный,2005,123000,2.4,162,Бензин,механика,310000,https://auto.ru/cars/used/sale/mitsubishi/lancer/1106081881-7de09731/,Санкт-Петербург
166,седан,красный,2005,207000,1.8,114,Бензин,вариатор,350000,https://auto.ru/cars/used/sale/mitsubishi/lancer/1105959281-c06ddda2/,Нефтеюганск
167,седан,серебристый,2004,229000,1.8,114,Бензин,вариатор,290000,https://auto.ru/cars/used/sale/mitsubishi/lancer/1105927157-b2cd5510/,Череповец
168,седан,серый,2004,219000,2.4,162,Бензин,автомат,260000,https://auto.ru/cars/used/sale/mitsubishi/lancer/1105888975-fa98d598/,Ижевск
169,седан,серебристый,2004,246000,1.5,90,Бензин,вариатор,320000,https://auto.ru/cars/used/sale/mitsubishi/lancer/1105759641-43197246/,Уфа
170,седан,серебристый,2005,164000,1.6,98,Бензин,механика,340000,https://auto.ru/cars/used/sale/mitsubishi/lancer/1105605187-c97e9498/,Тагиркент-Казмаляр
171,седан,чёрный,2005,400000,1.5,90,Бензин,вариатор,240000,https://auto.ru/cars/used/sale/mitsubishi/lancer/1105493414-52c1e7f5/,Надым
172,седан,чёрный,2001,272000,2.4,162,Бензин,автомат,300000,https://auto.ru/cars/used/sale/mitsubishi/lancer/1105490885-59a6d0da/,Зима
173,седан,серебристый,2004,233000,2.4,162,Бензин,механика,380000,https://auto.ru/cars/used/sale/mitsubishi/lancer/1105480384-13300601/,Орск
174,седан,серебристый,2003,255000,1.5,90,Бензин,вариатор,340000,https://auto.ru/cars/used/sale/mitsubishi/lancer/1105404975-292b95c8/,Волгоград
175,седан,серебристый,2005,189000,1.5,90,Бензин,вариатор,290000,https://auto.ru/cars/used/sale/mitsubishi/lancer/1104852685-4aaa291a/,Нижний Новгород
176,седан,синий,2004,220000,1.5,91,Бензин,вариатор,310000,https://auto.ru/cars/used/sale/mitsubishi/lancer/1104684126-6afda35f/,Камышин
177,седан,серебристый,2003,256000,1.6,98,Бензин,вариатор,240000,https://auto.ru/cars/used/sale/mitsubishi/lancer/1103937749-133ffb8f/,Краснослободск
178,седан,синий,2004,159000,2.4,162,Бензин,автомат,270000,https://auto.ru/cars/used/sale/mitsubishi/lancer/1103590428-237ae7f2/,Брянск
179,седан,серебристый,2006,311000,1.5,100,Бензин,вариатор,290000,https://auto.ru/cars/used/sale/mitsubishi/lancer/1103207418-6fdcdaf5/,Калуга
180,седан,белый,2000,336000,2.0,135,Бензин,механика,200000,https://auto.ru/cars/used/sale/mitsubishi/lancer/1099105483-4e61ee71/,Волгоград
181,седан,серый,2002,201000,2.4,162,Бензин,автомат,200000,https://auto.ru/cars/used/sale/mitsubishi/lancer/1114650036-ef4e63e7/,Нижний Тагил
182,седан,красный,2005,234000,1.3,75,Бензин,механика,300000,https://auto.ru/cars/used/sale/mitsubishi/lancer/1114605289-25031afe/,Липецк
183,седан,красный,2003,377000,2.0,135,Бензин,механика,400000,https://auto.ru/cars/used/sale/mitsubishi/lancer/1114632757-b3b7caf6/,Солнечнодольск
184,седан,серый,2004,183000,1.3,75,Бензин,механика,390000,https://auto.ru/cars/used/sale/mitsubishi/lancer/1114627158-dab538e0/,Новороссийск
185,седан,серебристый,2006,313000,1.8,165,Бензин,автомат,320000,https://auto.ru/cars/used/sale/mitsubishi/lancer/1114614724-e77d9023/,Элиста
186,седан,чёрный,2004,212000,1.5,100,Бензин,механика,320000,https://auto.ru/cars/used/sale/mitsubishi/lancer/1114605244-71811184/,Воронеж
187,седан,чёрный,2006,207000,1.5,90,Бензин,вариатор,460000,https://auto.ru/cars/used/sale/mitsubishi/lancer/1114602433-ced75d9e/,Екатеринбург
188,седан,синий,2004,215000,1.5,90,Бензин,механика,610000,https://auto.ru/cars/used/sale/mitsubishi/lancer/1114593690-a1236f76/,Усть-Лабинск
189,универсал 5 дв.,синий,2005,280000,1.8,165,Бензин,автомат,440000,https://auto.ru/cars/used/sale/mitsubishi/lancer/1114591152-756cbcb1/,Псков
190,седан,белый,2001,252000,2.0,120,Бензин,автомат,240000,https://auto.ru/cars/used/sale/mitsubishi/lancer/1114575825-e86cc680/,Владикавказ
191,седан,белый,2001,247000,2.4,162,Бензин,автомат,240000,https://auto.ru/cars/used/sale/mitsubishi/lancer/1106693412-f17a43da/,Петропавловск-Камчатский
192,универсал 5 дв.,белый,2002,191000,2.0,135,Бензин,автомат,300000,https://auto.ru/cars/used/sale/mitsubishi/lancer/1106687243-74c34ccf/,Орёл
193,седан,красный,2004,212000,2.0,120,Бензин,механика,360000,https://auto.ru/cars/used/sale/mitsubishi/lancer/1106668994-fe7f0d16/,Новоуральск
194,универсал 5 дв.,чёрный,2000,294000,1.8,130,Бензин,вариатор,350000,https://auto.ru/cars/used/sale/mitsubishi/lancer/1106629785-df9c256a/,Новая Усмань
195,седан,серебристый,2004,137000,1.5,90,Бензин,механика,300000,https://auto.ru/cars/used/sale/mitsubishi/lancer/1106597502-0783b276/,Москва
196,седан,чёрный,2005,265000,1.3,82,Бензин,автомат,450000,https://auto.ru/cars/used/sale/mitsubishi/lancer/1106572923-fa6e42a0/,Вологда
197,седан,серебристый,2005,185000,1.8,130,Бензин,вариатор,290000,https://auto.ru/cars/used/sale/mitsubishi/lancer/1106555785-ea76b98b/,Камышлов
198,седан,серый,2005,86000,2.0,135,Бензин,автомат,650000,https://auto.ru/cars/used/sale/mitsubishi/lancer/1106537482-c3602184/,Прохладный
199,седан,красный,2003,269000,1.8,130,Бензин,вариатор,270000,https://auto.ru/cars/used/sale/mitsubishi/lancer/1106522719-a5127be2/,Тамбов
200,седан,синий,2005,347000,1.8,114,Бензин,вариатор,240000,https://auto.ru/cars/used/sale/mitsubishi/lancer/1106517794-a45798b7/,Москва
201,седан,серебристый,2005,372000,2.0,120,Бензин,механика,390000,https://auto.ru/cars/used/sale/mitsubishi/lancer/1106501623-d498e182/,Верхняя Пышма
202,седан,серый,2004,218000,1.6,98,Бензин,автомат,260000,https://auto.ru/cars/used/sale/mitsubishi/lancer/1106375354-12ccc837/,Бижбуляк
203,седан,серебристый,2003,178000,1.5,100,Бензин,механика,290000,https://auto.ru/cars/used/sale/mitsubishi/lancer/1106370804-5c087a61/,Санкт-Петербург
204,седан,чёрный,2005,356000,2.0,120,Бензин,автомат,330000,https://auto.ru/cars/used/sale/mitsubishi/lancer/1106348480-69f37ac2/,Москва
205,седан,серый,2002,243000,1.8,130,Бензин,вариатор,220000,https://auto.ru/cars/used/sale/mitsubishi/lancer/1106317938-5142807c/,Курган
206,седан,чёрный,2005,217000,1.6,98,Бензин,вариатор,320000,https://auto.ru/cars/used/sale/mitsubishi/lancer/1106308652-d367f84c/,Москва
207,седан,серый,2004,53000,1.6,98,Бензин,механика,280000,https://auto.ru/cars/used/sale/mitsubishi/lancer/1106291779-fff08d9a/,Краснодар
208,седан,серебристый,2004,68000,1.6,98,Бензин,автомат,450000,https://auto.ru/cars/used/sale/mitsubishi/lancer/1106291475-659f1f0f/,Москва
209,седан,чёрный,2004,413000,2.0,135,Бензин,вариатор,420000,https://auto.ru/cars/used/sale/mitsubishi/lancer/1106233801-f78ff593/,Тула
210,седан,синий,2005,236000,2.0,135,Бензин,вариатор,280000,https://auto.ru/cars/used/sale/mitsubishi/lancer/1106030614-3ae5dcf2/,Волжский
211,седан,чёрный,2005,248000,2.4,162,Бензин,автомат,380000,https://auto.ru/cars/used/sale/mitsubishi/lancer/1105961283-a7f3e5c6/,Сим
212,седан,серебристый,2004,320000,1.6,98,Бензин,механика,380000,https://auto.ru/cars/used/sale/mitsubishi/lancer/1105897347-bdf4c8ea/,Раменское
213,седан,белый,2003,200000,2.0,135,Бензин,автомат,290000,https://auto.ru/cars/used/sale/mitsubishi/lancer/1105881484-8c47ace3/,Красноярск
214,седан,белый,2000,378000,2.4,162,Бензин,автомат,210000,https://auto.ru/cars/used/sale/mitsubishi/lancer/1105879589-926f087f/,Челябинск
215,седан,серый,2005,170000,1.5,90,Бензин,вариатор,370000,https://auto.ru/cars/used/sale/mitsubishi/lancer/1105797757-91c41611/,Москва
216,седан,серебристый,2003,327000,1.8,114,Бензин,вариатор,880000,https://auto.ru/cars/used/sale/mitsubishi/lancer/1105790413-b6ceff58/,Подольск
217,седан,серый,2004,260000,1.8,114,Бензин,вариатор,450000,https://auto.ru/cars/used/sale/mitsubishi/lancer/1105703126-54e0c43e/,Ярославль
218,седан,серебристый,2005,130000,1.8,130,Бензин,вариатор,520000,https://auto.ru/cars/used/sale/mitsubishi/lancer/1105634323-2f4bc92e/,Таганрог
219,седан,серебристый,2005,310000,2.0,135,Бензин,автомат,270000,https://auto.ru/cars/used/sale/mitsubishi/lancer/1105555525-21afcf80/,Оренбург
220,седан,синий,2007,235000,2.4,162,Бензин,автомат,370000,https://auto.ru/cars/used/sale/mitsubishi/lancer/1105511856-7e9c9cf1/,Серпухов
221,седан,серебристый,2006,153000,1.5,90,Бензин,вариатор,330000,https://auto.ru/cars/used/sale/mitsubishi/lancer/1105460160-59415c0e/,Калуга
222,седан,голубой,2003,282000,1.5,90,Бензин,вариатор,280000,https://auto.ru/cars/used/sale/mitsubishi/lancer/1105211686-371258e8/,Черепаново
223,седан,серебристый,2004,257000,1.3,82,Бензин,автомат,280000,https://auto.ru/cars/used/sale/mitsubishi/lancer/1105122049-8ec9dd81/,Москва
224,седан,серебристый,2006,245000,1.5,91,Бензин,вариатор,450000,https://auto.ru/cars/used/sale/mitsubishi/lancer/1104909524-c9c27965/,Тамбов
225,седан,серебристый,2004,352000,1.5,91,Бензин,механика,290000,https://auto.ru/cars/used/sale/mitsubishi/lancer/1104676542-e22314de/,Тамбов
226,седан,серый,2004,263000,1.8,130,Бензин,вариатор,250000,https://auto.ru/cars/used/sale/mitsubishi/lancer/1106097821-60367053/,Москва
227,седан,серый,2004,455000,1.3,82,Бензин,автомат,240000,https://auto.ru/cars/used/sale/mitsubishi/lancer/1106383038-805edf4c/,Иваново
228,седан,синий,2006,186000,1.5,91,Бензин,вариатор,440000,https://auto.ru/cars/used/sale/mitsubishi/lancer/1114638820-6d1a573a/,Краснодар
229,седан,красный,2006,191000,1.5,91,Бензин,вариатор,440000,https://auto.ru/cars/used/sale/mitsubishi/lancer/1114634705-9bfd03e3/,Котлас
230,универсал 5 дв.,чёрный,2001,256000,1.8,165,Бензин,автомат,390000,https://auto.ru/cars/used/sale/mitsubishi/lancer/1114633031-ef16a255/,Пермь
231,седан,серебристый,2004,208000,1.3,75,Бензин,механика,310000,https://auto.ru/cars/used/sale/mitsubishi/lancer/1114626182-9a4e2d25/,Воронеж
232,седан,серебристый,2003,375000,1.3,75,Бензин,механика,330000,https://auto.ru/cars/used/sale/mitsubishi/lancer/1114624820-6de5b8e2/,Новосибирск
233,седан,серебристый,2004,317000,1.8,130,Бензин,вариатор,280000,https://auto.ru/cars/used/sale/mitsubishi/lancer/1114623253-57762965/,Рефтинский
234,седан,красный,2004,256000,2.0,135,Бензин,механика,380000,https://auto.ru/cars/used/sale/mitsubishi/lancer/1114622173-dd1f36b3/,Крымск
235,седан,голубой,2003,228000,2.0,135,Бензин,автомат,250000,https://auto.ru/cars/used/sale/mitsubishi/lancer/1114621795-1c5bf47b/,Щербинка
236,седан,серебристый,2004,238000,2.0,135,Бензин,вариатор,410000,https://auto.ru/cars/used/sale/mitsubishi/lancer/1114621472-b545085b/,Челябинск
237,седан,серебристый,2004,309000,1.8,114,Бензин,вариатор,370000,https://auto.ru/cars/used/sale/mitsubishi/lancer/1114616905-3ac6407c/,Краснодар
238,седан,красный,2004,292000,1.8,165,Бензин,автомат,230000,https://auto.ru/cars/used/sale/mitsubishi/lancer/1114616974-0912b2c3/,Псков
239,седан,серебристый,2004,318000,1.5,91,Бензин,вариатор,390000,https://auto.ru/cars/used/sale/mitsubishi/lancer/1114613319-bd0c6c0f/,Новоуральск
240,седан,красный,2005,228000,1.5,91,Бензин,вариатор,270000,https://auto.ru/cars/used/sale/mitsubishi/lancer/1114613420-e3739ffe/,Бутурлиновка
241,седан,серебристый,2004,291000,2.0,135,Бензин,автомат,250000,https://auto.ru/cars/used/sale/mitsubishi/lancer/1114606259-3fce255e/,Волоколамск
242,седан,серебристый,2004,205000,2.0,120,Бензин,автомат,280000,https://auto.ru/cars/used/sale/mitsubishi/lancer/1114601728-9280f54a/,Первоуральск
243,седан,серебристый,2005,264000,1.5,100,Бензин,вариатор,370000,https://auto.ru/cars/used/sale/mitsubishi/lancer/1114600661-5c3b76bb/,Ефремов
244,седан,серебристый,2005,440000,1.5,100,Бензин,вариатор,290000,https://auto.ru/cars/used/sale/mitsubishi/lancer/1114598786-d3bb1b24/,Великий Новгород
245,седан,серый,2003,304000,2.0,135,Бензин,автомат,260000,https://auto.ru/cars/used/sale/mitsubishi/lancer/1114590293-b1e805ad/,Лобня
246,седан,серый,2004,287000,1.8,130,Бензин,вариатор,290000,https://auto.ru/cars/used/sale/mitsubishi/lancer/1106685506-941932ae/,Калуга
247,универсал 5 дв.,серебристый,2004,237000,1.6,98,Бензин,автомат,410000,https://auto.ru/cars/used/sale/mitsubishi/lancer/1106681210-31bbf169/,Петергоф
248,седан,синий,2005,273000,1.3,82,Бензин,автомат,300000,https://auto.ru/cars/used/sale/mitsubishi/lancer/1106674770-293ad091/,Черняховск
249,седан,серебристый,2005,138000,1.6,98,Бензин,вариатор,270000,https://auto.ru/cars/used/sale/mitsubishi/lancer/1106674263-76f43294/,Москва
250,седан,серый,2004,257000,1.5,90,Бензин,вариатор,290000,https://auto.ru/cars/used/sale/mitsubishi/lancer/1106663461-40f6d9aa/,Пенза
251,седан,чёрный,2004,264000,1.5,100,Бензин,вариатор,240000,https://auto.ru/cars/used/sale/mitsubishi/lancer/1106636554-2ecb3922/,Архангельск
252,седан,серый,2004,235000,1.8,114,Бензин,вариатор,300000,https://auto.ru/cars/used/sale/mitsubishi/lancer/1106626542-e5c00dd4/,Полевской
253,седан,серебристый,2004,235000,1.8,130,Бензин,вариатор,300000,https://auto.ru/cars/used/sale/mitsubishi/lancer/1106624112-2fa78fa1/,Нижний Новгород
254,седан,серебристый,2005,195000,1.5,90,Бензин,вариатор,280000,https://auto.ru/cars/used/sale/mitsubishi/lancer/1106615170-2769931b/,Гатчина
255,седан,синий,2004,216000,1.8,130,Бензин,вариатор,230000,https://auto.ru/cars/used/sale/mitsubishi/lancer/1106615117-a68c84a3/,Пенза
256,седан,синий,2005,240000,2.0,120,Бензин,автомат,290000,https://auto.ru/cars/used/sale/mitsubishi/lancer/1106612739-c1fb3104/,Раменское
257,универсал 5 дв.,чёрный,2005,230000,1.6,98,Бензин,механика,350000,https://auto.ru/cars/used/sale/mitsubishi/lancer/1106605428-59126a6d/,Псков
258,седан,серебристый,2005,202000,1.3,82,Бензин,механика,340000,https://auto.ru/cars/used/sale/mitsubishi/lancer/1106603156-07af0451/,Санкт-Петербург
259,седан,серебристый,2005,223000,2.4,162,Бензин,механика,390000,https://auto.ru/cars/used/sale/mitsubishi/lancer/1106596668-79e1a54e/,Темрюк
260,универсал 5 дв.,серый,2000,317000,1.6,98,Бензин,автомат,340000,https://auto.ru/cars/used/sale/mitsubishi/lancer/1106588804-7332e5a2/,Краснодар
261,седан,серый,2004,219000,1.3,82,Бензин,механика,340000,https://auto.ru/cars/used/sale/mitsubishi/lancer/1106588494-fd084cb6/,Севастополь
262,седан,серебристый,2005,294000,2.4,162,Бензин,механика,340000,https://auto.ru/cars/used/sale/mitsubishi/lancer/1106585844-918f5d38/,Белгород
263,седан,серебристый,2004,234000,1.3,82,Бензин,автомат,380000,https://auto.ru/cars/used/sale/mitsubishi/lancer/1106581456-002c4e4a/,Пластуновская
264,седан,синий,2004,197000,2.0,135,Бензин,вариатор,310000,https://auto.ru/cars/used/sale/mitsubishi/lancer/1106578921-b9fd7613/,Екатеринбург
265,седан,серый,2001,330000,2.4,162,Бензин,автомат,210000,https://auto.ru/cars/used/sale/mitsubishi/lancer/1106575199-ecdbf2e4/,Владикавказ
266,седан,чёрный,2006,253000,2.0,135,Бензин,автомат,360000,https://auto.ru/cars/used/sale/mitsubishi/lancer/1106575022-31f5fd57/,Кострома
267,седан,синий,2005,204000,2.0,135,Бензин,вариатор,210000,https://auto.ru/cars/used/sale/mitsubishi/lancer/1106563609-c9b49e63/,Ростов-на-Дону
268,седан,серебристый,2003,261000,2.4,162,Бензин,механика,350000,https://auto.ru/cars/used/sale/mitsubishi/lancer/1106563883-b146472f/,Краснодар
269,седан,серебристый,2003,222000,2.0,135,Бензин,механика,260000,https://auto.ru/cars/used/sale/mitsubishi/lancer/1106518874-9188c207/,Краснодар
270,седан,серый,2004,279000,1.8,165,Бензин,автомат,410000,https://auto.ru/cars/used/sale/mitsubishi/lancer/1106515991-faf4f077/,Астрахань
271,седан,серебристый,2004,233000,1.5,100,Бензин,вариатор,300000,https://auto.ru/cars/used/sale/mitsubishi/lancer/1106502865-07ca5572/,Пенза
272,седан,чёрный,2005,166000,1.6,98,Бензин,автомат,410000,https://auto.ru/cars/used/sale/mitsubishi/lancer/1106502610-2162888e/,Переславль-Залесский
273,седан,чёрный,2005,205000,1.6,98,Бензин,вариатор,450000,https://auto.ru/cars/used/sale/mitsubishi/lancer/1106498502-c57eed9e/,Великий Новгород
274,универсал 5 дв.,серый,2001,128000,1.8,114,Бензин,вариатор,260000,https://auto.ru/cars/used/sale/mitsubishi/lancer/1106494103-c5fb9ac4/,Кумертау
275,универсал 5 дв.,синий,2003,307000,2.0,135,Бензин,механика,340000,https://auto.ru/cars/used/sale/mitsubishi/lancer/1106486271-248ea248/,Москва
276,седан,серебристый,2003,252000,2.0,135,Бензин,автомат,450000,https://auto.ru/cars/used/sale/mitsubishi/lancer/1106484455-b03318bf/,Сибай
277,седан,серебристый,2001,199000,1.8,165,Бензин,автомат,310000,https://auto.ru/cars/used/sale/mitsubishi/lancer/1106483895-922ce903/,Ростов-на-Дону
278,седан,серебристый,2004,244000,2.0,135,Бензин,вариатор,300000,https://auto.ru/cars/used/sale/mitsubishi/lancer/1106483013-e5e96144/,Клин
279,универсал 5 дв.,белый,2001,460000,1.6,98,Бензин,механика,290000,https://auto.ru/cars/used/sale/mitsubishi/lancer/1106475939-0f7a86e1/,Ленинск-Кузнецкий
280,седан,белый,2003,310000,1.6,98,Бензин,механика,250000,https://auto.ru/cars/used/sale/mitsubishi/lancer/1106433049-d3d1e889/,Златоуст
281,седан,серый,2004,288000,1.3,82,Бензин,механика,200000,https://auto.ru/cars/used/sale/mitsubishi/lancer/1106408326-80aab1f9/,Люберцы
282,седан,синий,2004,281000,2.0,120,Бензин,автомат,280000,https://auto.ru/cars/used/sale/mitsubishi/lancer/1106404985-6a782540/,Сыктывкар
283,седан,серебристый,2005,209000,1.5,100,Бензин,вариатор,360000,https://auto.ru/cars/used/sale/mitsubishi/lancer/1106400159-adb5511f/,Великий Новгород
284,универсал 5 дв.,серебристый,2001,205000,2.0,135,Бензин,вариатор,330000,https://auto.ru/cars/used/sale/mitsubishi/lancer/1106396941-6ef53566/,Фрязино
285,седан,серебристый,2003,307000,1.5,91,Бензин,механика,250000,https://auto.ru/cars/used/sale/mitsubishi/lancer/1106395215-c8f49e70/,Клинцы
286,седан,серебристый,2004,285000,1.5,100,Бензин,вариатор,330000,https://auto.ru/cars/used/sale/mitsubishi/lancer/1106388166-90d11aff/,Сургут
287,седан,синий,2004,182000,2.0,135,Бензин,механика,290000,https://auto.ru/cars/used/sale/mitsubishi/lancer/1106360355-9bfaf207/,Москва
288,седан,серебристый,2004,150000,2.0,135,Бензин,вариатор,360000,https://auto.ru/cars/used/sale/mitsubishi/lancer/1106348828-078ab7d1/,Киржач
289,седан,серебристый,2005,206000,1.5,91,Бензин,вариатор,250000,https://auto.ru/cars/used/sale/mitsubishi/lancer/1106290275-ccb5e523/,Иваново
290,седан,серебристый,2007,201000,1.5,91,Бензин,вариатор,280000,https://auto.ru/cars/used/sale/mitsubishi/lancer/1106284313-e72ac9a6/,Волжский
291,седан,серый,2006,226000,1.5,90,Бензин,вариатор,310000,https://auto.ru/cars/used/sale/mitsubishi/lancer/1106281950-b9c5cc0a/,Торжок
292,седан,голубой,2006,175000,1.6,98,Бензин,механика,370000,https://auto.ru/cars/used/sale/mitsubishi/lancer/1106280220-fe1a410a/,Саратов
293,седан,серебристый,2005,235000,1.5,100,Бензин,механика,290000,https://auto.ru/cars/used/sale/mitsubishi/lancer/1106263137-e984a87b/,Воронеж
294,седан,красный,2004,200000,1.5,90,Бензин,механика,280000,https://auto.ru/cars/used/sale/mitsubishi/lancer/1106228446-6ab991ee/,Курган
295,седан,серебристый,2004,250000,1.5,91,Бензин,вариатор,410000,https://auto.ru/cars/used/sale/mitsubishi/lancer/1106221024-35c8d439/,Москва
296,седан,чёрный,2000,258000,1.6,98,Бензин,вариатор,260000,https://auto.ru/cars/used/sale/mitsubishi/lancer/1106195405-ffcd1b18/,Ревда
297,седан,синий,2002,196000,1.6,98,Бензин,вариатор,360000,https://auto.ru/cars/used/sale/mitsubishi/lancer/1106163001-9d6f60f1/,Симферополь
298,седан,серый,2005,180000,1.3,82,Бензин,механика,390000,https://auto.ru/cars/used/sale/mitsubishi/lancer/1106160215-83b7a844/,Липецк
299,седан,серебристый,2003,146000,1.6,98,Бензин,автомат,280000,https://auto.ru/cars/used/sale/mitsubishi/lancer/1106013749-bfbd0a77/,Бакалы
300,седан,чёрный,2005,201000,1.3,82,Бензин,автомат,330000,https://auto.ru/cars/used/sale/mitsubishi/lancer/1106009854-122367fc/,Москва
301,седан,серый,2005,157000,1.8,130,Бензин,вариатор,300000,https://auto.ru/cars/used/sale/mitsubishi/lancer/1105985874-f7b0e202/,Люберцы
302,седан,белый,2000,175000,1.8,165,Бензин,автомат,300000,https://auto.ru/cars/used/sale/mitsubishi/lancer/1105964437-456c583c/,Сочи
303,седан,серый,2003,251000,2.0,120,Бензин,автомат,290000,https://auto.ru/cars/used/sale/mitsubishi/lancer/1105929609-023844d2/,Кострома
304,седан,серебристый,2004,182000,1.6,98,Бензин,автомат,360000,https://auto.ru/cars/used/sale/mitsubishi/lancer/1105930513-df0caba7/,Волжский
305,седан,белый,2003,153000,1.5,100,Бензин,вариатор,300000,https://auto.ru/cars/used/sale/mitsubishi/lancer/1105921721-c78e2823/,Серпухов
306,седан,синий,2005,287000,1.5,91,Бензин,механика,350000,https://auto.ru/cars/used/sale/mitsubishi/lancer/1105908519-ae3c7c76/,Саратов
307,седан,белый,2005,245000,1.5,100,Бензин,механика,260000,https://auto.ru/cars/used/sale/mitsubishi/lancer/1105897939-42d19bea/,Коломна
308,седан,серебристый,2002,162000,1.5,90,Бензин,вариатор,240000,https://auto.ru/cars/used/sale/mitsubishi/lancer/1105803195-2da7794a/,Волжский
309,седан,серебристый,2005,266000,1.8,130,Бензин,вариатор,350000,https://auto.ru/cars/used/sale/mitsubishi/lancer/1105790479-820d19b4/,Волжский
310,седан,синий,2005,224000,2.0,120,Бензин,механика,250000,https://auto.ru/cars/used/sale/mitsubishi/lancer/1105788470-e877578a/,Гулькевичи
311,седан,синий,2004,312000,1.5,91,Бензин,вариатор,300000,https://auto.ru/cars/used/sale/mitsubishi/lancer/1105746841-30f5c446/,Сорочинск
312,седан,серебристый,2005,209000,1.6,98,Бензин,вариатор,370000,https://auto.ru/cars/used/sale/mitsubishi/lancer/1105559332-64960ebf/,Сургут
313,седан,чёрный,2006,267000,1.6,98,Бензин,автомат,350000,https://auto.ru/cars/used/sale/mitsubishi/lancer/1105502130-d819d9b9/,Москва
314,седан,серебристый,2003,290000,2.0,135,Бензин,вариатор,280000,https://auto.ru/cars/used/sale/mitsubishi/lancer/1105350239-90b6060d/,Обнинск
315,седан,чёрный,2002,113000,1.3,82,Бензин,механика,940000,https://auto.ru/cars/used/sale/mitsubishi/lancer/1105182218-e04d6583/,Озёрск
316,седан,белый,2002,283000,2.0,120,Бензин,механика,290000,https://auto.ru/cars/used/sale/mitsubishi/lancer/1105114275-2d7e7261/,Новосибирск
317,седан,серый,2005,223000,1.3,82,Бензин,автомат,160000,https://auto.ru/cars/used/sale/mitsubishi/lancer/1105093347-080c9329/,Москва
318,седан,серый,2003,152000,2.0,135,Бензин,автомат,230000,https://auto.ru/cars/used/sale/mitsubishi/lancer/1104141257-cab97f26/,Троицк
319,седан,синий,2005,276000,1.8,130,Бензин,вариатор,330000,https://auto.ru/cars/used/sale/mitsubishi/lancer/1103374708-42087352/,Петрозаводск
320,седан,синий,2004,144000,1.5,90,Бензин,вариатор,340000,https://auto.ru/cars/used/sale/mitsubishi/lancer/1102397383-a27381b4/,Джубга
321,седан,синий,2002,176000,1.8,114,Бензин,вариатор,230000,https://auto.ru/cars/used/sale/mitsubishi/lancer/1098605268-c4496899/,Оренбург
322,седан,красный,2005,275000,2.0,135,Бензин,автомат,300000,https://auto.ru/cars/used/sale/mitsubishi/lancer/1097504316-fdc82b3c/,Электросталь
323,седан,серебристый,2005,184000,1.5,90,Бензин,механика,490000,https://auto.ru/cars/used/sale/mitsubishi/lancer/1114584853-bc170389/,Вятские Поляны
324,седан,серый,2007,146000,1.6,98,Бензин,вариатор,370000,https://auto.ru/cars/used/sale/mitsubishi/lancer/1106351029-508bd432/,Кировград
325,седан,серебристый,2004,173000,1.8,130,Бензин,вариатор,290000,https://auto.ru/cars/used/sale/mitsubishi/lancer/1106144453-a78bb2fa/,Великий Новгород
326,универсал 5 дв.,серебристый,2005,503000,1.8,165,Бензин,автомат,310000,https://auto.ru/cars/used/sale/mitsubishi/lancer/1105959243-cbb043de/,Москва
327,универсал 5 дв.,чёрный,2001,228000,1.8,130,Бензин,вариатор,210000,https://auto.ru/cars/used/sale/mitsubishi/lancer/1096385990-67218a80/,Солнечный
328,седан,синий,2001,189000,1.5,90,Бензин,вариатор,240000,https://auto.ru/cars/used/sale/mitsubishi/lancer/1114583301-15cac817/,Курган
329,седан,синий,2005,278000,2.0,135,Бензин,вариатор,380000,https://auto.ru/cars/used/sale/mitsubishi/lancer/1106631856-8e778b86/,Воронеж
330,универсал 5 дв.,чёрный,2002,492000,2.0,135,Бензин,механика,290000,https://auto.ru/cars/used/sale/mitsubishi/lancer/1106621666-7c70274f/,Воткинск
331,седан,серый,2002,301000,1.5,91,Бензин,механика,220000,https://auto.ru/cars/used/sale/mitsubishi/lancer/1106556529-a537b8e6/,Стерлитамак
332,седан,серый,2000,184000,1.5,91,Бензин,вариатор,190000,https://auto.ru/cars/used/sale/mitsubishi/lancer/1106426731-838c4aea/,Красноярск
333,седан,серый,2004,196000,1.8,165,Бензин,автомат,240000,https://auto.ru/cars/used/sale/mitsubishi/lancer/1106276984-52e78dc1/,Чехов
334,универсал 5 дв.,белый,2003,212000,2.0,135,Бензин,автомат,280000,https://auto.ru/cars/used/sale/mitsubishi/lancer/1106109558-90843026/,Челябинск
335,седан,серебристый,2004,232000,2.4,162,Бензин,механика,360000,https://auto.ru/cars/used/sale/mitsubishi/lancer/1104796778-0cf62348/,Курск
336,седан,синий,2004,197000,1.8,130,Бензин,вариатор,240000,https://auto.ru/cars/used/sale/mitsubishi/lancer/1103869068-9de46586/,Дербент
337,седан,серебристый,2004,276000,1.3,82,Бензин,механика,220000,https://auto.ru/cars/used/sale/mitsubishi/lancer/1097278270-1f7b01f8/,Москва
338,седан,серебристый,2006,167000,1.8,114,Бензин,вариатор,330000,https://auto.ru/cars/used/sale/mitsubishi/lancer/1105734205-c87b3d21/,Краснодар
339,седан,красный,2004,174000,1.6,98,Бензин,вариатор,300000,https://auto.ru/cars/used/sale/mitsubishi/lancer/1105669082-ed1d3816/,Кинешма
340,седан,серебристый,2000,200000,2.0,135,Бензин,механика,220000,https://auto.ru/cars/used/sale/mitsubishi/lancer/1114612088-5ae85c32/,Екатеринбург
341,седан,серый,2003,432000,1.6,98,Бензин,механика,210000,https://auto.ru/cars/used/sale/mitsubishi/lancer/1106688784-a221cc72/,Москва
342,седан,серый,2004,265000,1.5,100,Бензин,вариатор,330000,https://auto.ru/cars/used/sale/mitsubishi/lancer/1106678627-e5d5a360/,Волгоград
343,универсал 5 дв.,серебристый,2003,403000,1.8,114,Бензин,вариатор,340000,https://auto.ru/cars/used/sale/mitsubishi/lancer/1106674224-6a0cb55c/,Новокузнецк
344,седан,серый,2006,222000,1.5,90,Бензин,вариатор,380000,https://auto.ru/cars/used/sale/mitsubishi/lancer/1106661405-61e173c0/,Санкт-Петербург
345,седан,серебристый,2004,290000,1.3,82,Бензин,автомат,420000,https://auto.ru/cars/used/sale/mitsubishi/lancer/1106602017-3dbb9653/,Барнаул
346,седан,серебристый,2001,315000,1.6,98,Бензин,механика,280000,https://auto.ru/cars/used/sale/mitsubishi/lancer/1106594440-0176aa2d/,Геленджик
347,седан,серебристый,2003,93000,1.8,130,Бензин,вариатор,270000,https://auto.ru/cars/used/sale/mitsubishi/lancer/1106566423-eb36a86e/,Анапа
348,седан,серебристый,2004,241000,2.0,120,Бензин,автомат,390000,https://auto.ru/cars/used/sale/mitsubishi/lancer/1106552301-75356bb0/,Астрахань
349,универсал 5 дв.,белый,2001,333000,1.6,98,Бензин,механика,320000,https://auto.ru/cars/used/sale/mitsubishi/lancer/1106551936-ac0a9b5a/,Ильский
350,универсал 5 дв.,красный,2002,223000,1.8,130,Бензин,вариатор,240000,https://auto.ru/cars/used/sale/mitsubishi/lancer/1106524948-c26cf0f1/,Кемерово
351,седан,серый,2002,227000,2.4,162,Бензин,механика,350000,https://auto.ru/cars/used/sale/mitsubishi/lancer/1106501817-36f91d40/,Ростов-на-Дону
352,седан,серебристый,2000,231000,1.6,98,Бензин,механика,310000,https://auto.ru/cars/used/sale/mitsubishi/lancer/1106485137-81b2b693/,Уфа
353,седан,серый,2003,264000,1.5,90,Бензин,механика,220000,https://auto.ru/cars/used/sale/mitsubishi/lancer/1106475864-df01cc2f/,Воронеж
354,седан,белый,2003,125000,1.8,130,Бензин,вариатор,280000,https://auto.ru/cars/used/sale/mitsubishi/lancer/1106200714-e5415fd3/,Георгиевск
355,седан,чёрный,2005,299000,1.5,91,Бензин,вариатор,220000,https://auto.ru/cars/used/sale/mitsubishi/lancer/1106194026-b599ba26/,Реутов
356,седан,серый,2005,133000,1.5,100,Бензин,вариатор,370000,https://auto.ru/cars/used/sale/mitsubishi/lancer/1106191275-b17a6a20/,Москва
357,универсал 5 дв.,серебристый,2004,184000,1.6,98,Бензин,автомат,350000,https://auto.ru/cars/used/sale/mitsubishi/lancer/1105877993-c8d87ab5/,Омск
358,седан,белый,2002,165000,2.0,120,Бензин,механика,210000,https://auto.ru/cars/used/sale/mitsubishi/lancer/1105598675-e33f6b7c/,Тюмень
359,седан,синий,2004,296000,1.5,90,Бензин,вариатор,350000,https://auto.ru/cars/used/sale/mitsubishi/lancer/1056161936-c02ed17d/,Сочи
360,седан,серый,2001,90000,2.0,120,Бензин,автомат,290000,https://auto.ru/cars/used/sale/mitsubishi/lancer/1106643737-589fff12/,Красноярск
361,седан,серый,2007,219000,1.5,91,Бензин,вариатор,260000,https://auto.ru/cars/used/sale/mitsubishi/lancer/1105949390-0ea70700/,Москва
362,седан,серый,2004,323000,1.5,100,Бензин,вариатор,300000,https://auto.ru/cars/used/sale/mitsubishi/lancer/1105670904-4ddb857f/,Калуга
363,седан,красный,2005,160000,2.0,135,Бензин,автомат,310000,https://auto.ru/cars/used/sale/mitsubishi/lancer/1071223804-9a9b8b9f/,Минск
364,седан,серый,2004,230000,1.3,82,Бензин,автомат,300000,https://auto.ru/cars/used/sale/mitsubishi/lancer/1106669882-7091859e/,Шадринск
365,седан,синий,2001,440000,1.5,100,Бензин,вариатор,280000,https://auto.ru/cars/used/sale/mitsubishi/lancer/1106590771-05e5c85b/,Челябинск
366,седан,белый,2001,195000,2.0,135,Бензин,автомат,280000,https://auto.ru/cars/used/sale/mitsubishi/lancer/1105869502-2cbf7eb1/,Кемерово
367,седан,серебристый,2007,206000,1.5,91,Бензин,вариатор,300000,https://auto.ru/cars/used/sale/mitsubishi/lancer/1106454760-81c52b33/,Подольск
368,седан,серебристый,2003,369000,1.5,91,Бензин,вариатор,200000,https://auto.ru/cars/used/sale/mitsubishi/lancer/1104902496-c2eececb/,Чехов
369,седан,серебристый,2003,197000,1.8,130,Бензин,вариатор,370000,https://auto.ru/cars/used/sale/mitsubishi/lancer/1106450141-0366c8e9/,Новосибирск
370,седан,серебристый,2004,268000,1.5,91,Бензин,вариатор,310000,https://auto.ru/cars/used/sale/mitsubishi/lancer/1114639890-f1a279c7/,Челябинск
371,седан,серебристый,2004,325000,2.0,120,Бензин,автомат,310000,https://auto.ru/cars/used/sale/mitsubishi/lancer/1106644646-b9d7e347/,Малоярославец
372,седан,синий,2004,363000,1.3,82,Бензин,автомат,310000,https://auto.ru/cars/used/sale/mitsubishi/lancer/1106625986-30b8b7ba/,Кострома
373,седан,чёрный,2004,240000,2.0,135,Бензин,вариатор,400000,https://auto.ru/cars/used/sale/mitsubishi/lancer/1106524365-e6ca033a/,Йошкар-Ола
374,седан,серый,2004,220000,1.5,90,Бензин,вариатор,280000,https://auto.ru/cars/used/sale/mitsubishi/lancer/1106504306-bd2ebc2b/,Ханты-Мансийск
375,седан,серебристый,2004,296000,1.5,91,Бензин,механика,330000,https://auto.ru/cars/used/sale/mitsubishi/lancer/1106491688-f7134156/,Строитель
376,седан,синий,2003,244000,1.6,98,Бензин,вариатор,320000,https://auto.ru/cars/used/sale/mitsubishi/lancer/1106488529-559e99e9/,Тула
377,седан,красный,2004,160000,2.0,135,Бензин,вариатор,410000,https://auto.ru/cars/used/sale/mitsubishi/lancer/1106132236-cd62cb9a/,Крыловская
378,седан,чёрный,2004,198000,1.5,100,Бензин,вариатор,300000,https://auto.ru/cars/used/sale/mitsubishi/lancer/1106065948-286097ee/,Вязьма
379,седан,серый,2004,284000,2.0,135,Бензин,автомат,340000,https://auto.ru/cars/used/sale/mitsubishi/lancer/1106041421-a79c5182/,Электросталь
380,седан,чёрный,2004,232000,2.0,135,Бензин,механика,290000,https://auto.ru/cars/used/sale/mitsubishi/lancer/1105972922-fe834465/,Москва
381,седан,белый,2004,360000,1.5,90,Бензин,вариатор,250000,https://auto.ru/cars/used/sale/mitsubishi/lancer/1105913598-a1603d99/,Абинск
382,седан,синий,2004,71000,1.3,82,Бензин,автомат,320000,https://auto.ru/cars/used/sale/mitsubishi/lancer/1105350116-25154949/,Давлеканово
383,седан,серебристый,2004,359000,1.5,100,Бензин,вариатор,280000,https://auto.ru/cars/used/sale/mitsubishi/lancer/1106516163-c0f957a8/,Первоуральск
384,седан,белый,2003,227000,1.8,165,Бензин,автомат,300000,https://auto.ru/cars/used/sale/mitsubishi/lancer/1106044880-6d676976/,Севастополь
385,седан,чёрный,2004,204000,1.3,75,Бензин,механика,170000,https://auto.ru/cars/used/sale/mitsubishi/lancer/1105942001-f53a679e/,Северодвинск
386,седан,красный,2004,273000,1.5,100,Бензин,вариатор,450000,https://auto.ru/cars/used/sale/mitsubishi/lancer/1105807317-0dde140d/,Волгоград
387,седан,серебристый,2004,627000,2.4,162,Бензин,механика,160000,https://auto.ru/cars/used/sale/mitsubishi/lancer/1105280267-bf71427a/,Коломна
388,универсал 5 дв.,красный,2004,229000,2.0,135,Бензин,механика,290000,https://auto.ru/cars/used/sale/mitsubishi/lancer/1105131897-461a24f9/,Чапаевск
389,седан,серебристый,2002,188000,1.6,98,Бензин,автомат,240000,https://auto.ru/cars/used/sale/mitsubishi/lancer/1097565785-fe3d6d26/,Саки
390,седан,красный,2007,216000,2.0,120,Бензин,механика,640000,https://auto.ru/cars/used/sale/mitsubishi/lancer/1114625145-20caf8cc/,Новосибирск
